Ano Censo,Número de Matrículas,Nome Região,Nome UF,Nome Localização,Nome Município,Nome Curso,Nome Curso,Sigla UF,Sigla Região
2013,224,NORDESTE,RIO GRANDE DO NORTE,CAPITAL,NATAL,ADMINISTRAÇÃO,ADMINISTRAÇÃO,RN,NE
2013,450,NORDESTE,RIO GRANDE DO NORTE,CAPITAL,NATAL,ADMINISTRAÇÃO,ADMINISTRAÇÃO,RN,NE
2013,442,NORDESTE,RIO GRANDE DO NORTE,CAPITAL,NATAL,ADMINISTRAÇÃO,ADMINISTRAÇÃO,RN,NE
2013,4,NORDESTE,RIO GRANDE DO NORTE,CAPITAL,NATAL,ADMINISTRAÇÃO,ADMINISTRAÇÃO,RN,NE
2013,7,NORDESTE,RIO GRANDE DO NORTE,CAPITAL,NATAL,ADMINISTRAÇÃO,ADMINISTRAÇÃO,RN,NE
2013,2,NORDESTE,RIO GRANDE DO NORTE,CAPITAL,NATAL,ADMINISTRAÇÃO,ADMINISTRAÇÃO,RN,NE
2013,59,NORDESTE,RIO GRANDE DO NORTE,CAPITAL,NATAL,ADMINISTRAÇÃO,ADMINISTRAÇÃO,RN,NE
2013,450,NORDESTE,RIO GRANDE DO NORTE,CAPITAL,NATAL,ADMINISTRAÇÃO,ADMINISTRAÇÃO,RN,NE
2013,5,NORDESTE,RIO GRANDE DO NORTE,CAPITAL,NATAL,ADMINISTRAÇÃO,ADMINISTRAÇÃO,RN,NE
2013,4,NORDESTE,RIO GRANDE DO NORTE,CAPITAL,NATAL,ADMINISTRAÇÃO,ADMINISTRAÇÃO,RN,NE
2013,3,NORDESTE,RIO GRANDE DO NORTE,CAPITAL,NATAL,ADMINISTRAÇÃO,ADMINISTRAÇÃO,RN,NE
2013,6,NORDESTE,RIO GRANDE DO NORTE,CAPITAL,NATAL,ADMINISTRAÇÃO,ADMINISTRAÇÃO,RN,NE
2013,2,NORDESTE,RIO GRANDE DO NORTE,CAPITAL,NATAL,ADMINISTRAÇÃO,ADMINISTRAÇÃO,RN,NE
2013,166,NORDESTE,RIO GRANDE DO NORTE,CAPITAL,NATAL,ADMINISTRAÇÃO,ADMINISTRAÇÃO,RN,NE
2013,545,NORDESTE,RIO GRANDE DO NORTE,CAPITAL,NATAL,ADMINISTRAÇÃO,ADMINISTRAÇÃO,RN,NE
2013,17,NORDESTE,RIO GRANDE DO NORTE,CAPITAL,NATAL,ADMINISTRAÇÃO,ADMINISTRAÇÃO,RN,NE
2013,27,NORDESTE,RIO GRANDE DO NORTE,CAPITAL,NATAL,ADMINISTRAÇÃO,ADMINISTRAÇÃO,RN,NE
2013,25,NORDESTE,RIO GRANDE DO NORTE,CAPITAL,NATAL,ADMINISTRAÇÃO,ADMINISTRAÇÃO,RN,NE
2013,22,NORDESTE,RIO GRANDE DO NORTE,CAPITAL,NATAL,ADMINISTRAÇÃO,ADMINISTRAÇÃO,RN,NE
2013,333,NORDESTE,RIO GRANDE DO NORTE,CAPITAL,NATAL,ADMINISTRAÇÃO,ADMINISTRAÇÃO,RN,NE
2013,26,NORDESTE,RIO GRANDE DO NORTE,CAPITAL,NATAL,ADMINISTRAÇÃO,ADMINISTRAÇÃO,RN,NE
2013,2995,NORDESTE,RIO GRANDE DO NORTE,CAPITAL,NATAL,ADMINISTRAÇÃO,ADMINISTRAÇÃO,RN,NE
2013,1184,NORDESTE,RIO GRANDE DO NORTE,CAPITAL,NATAL,ADMINISTRAÇÃO,ADMINISTRAÇÃO,RN,NE
2013,23,NORDESTE,RIO GRANDE DO NORTE,CAPITAL,NATAL,ADMINISTRAÇÃO,ADMINISTRAÇÃO,RN,NE
2013,277,NORDESTE,RIO GRANDE DO NORTE,CAPITAL,NATAL,ADMINISTRAÇÃO,ADMINISTRAÇÃO,RN,NE
2013,250,NORDESTE,RIO GRANDE DO NORTE,CAPITAL,NATAL,ADMINISTRAÇÃO,ADMINISTRAÇÃO,RN,NE
2013,42,NORDESTE,RIO GRANDE DO NORTE,CAPITAL,NATAL,ADMINISTRAÇÃO PÚBLICA,ADMINISTRAÇÃO PÚBLICA,RN,NE
2013,77,NORDESTE,RIO GRANDE DO NORTE,CAPITAL,NATAL,ANÁLISE E DESENVOLVIMENTO DE SISTEMAS,ANÁLISE E DESENVOLVIMENTO DE SISTEMAS,RN,NE
2013,74,NORDESTE,RIO GRANDE DO NORTE,CAPITAL,NATAL,ANÁLISE E DESENVOLVIMENTO DE SISTEMAS,ANÁLISE E DESENVOLVIMENTO DE SISTEMAS,RN,NE
2013,217,NORDESTE,RIO GRANDE DO NORTE,CAPITAL,NATAL,ANÁLISE E DESENVOLVIMENTO DE SISTEMAS,ANÁLISE E DESENVOLVIMENTO DE SISTEMAS,RN,NE
2013,238,NORDESTE,RIO GRANDE DO NORTE,CAPITAL,NATAL,ARQUITETURA E URBANISMO,ARQUITETURA E URBANISMO,RN,NE
2013,755,NORDESTE,RIO GRANDE DO NORTE,CAPITAL,NATAL,ARQUITETURA E URBANISMO,ARQUITETURA E URBANISMO,RN,NE
2013,66,NORDESTE,RIO GRANDE DO NORTE,CAPITAL,NATAL,ARQUITETURA E URBANISMO,ARQUITETURA E URBANISMO,RN,NE
2013,128,NORDESTE,RIO GRANDE DO NORTE,CAPITAL,NATAL,ARTES VISUAIS,ARTES VISUAIS,RN,NE
2013,4,NORDESTE,RIO GRANDE DO NORTE,CAPITAL,NATAL,BANCO DE DADOS,BANCO DE DADOS,RN,NE
2013,170,NORDESTE,RIO GRANDE DO NORTE,CAPITAL,NATAL,BIBLIOTECONOMIA,BIBLIOTECONOMIA,RN,NE
2013,94,NORDESTE,RIO GRANDE DO NORTE,CAPITAL,NATAL,BIOMEDICINA,BIOMEDICINA,RN,NE
2013,170,NORDESTE,RIO GRANDE DO NORTE,CAPITAL,NATAL,BIOMEDICINA,BIOMEDICINA,RN,NE
2013,119,NORDESTE,RIO GRANDE DO NORTE,CAPITAL,NATAL,BIOMEDICINA,BIOMEDICINA,RN,NE
2013,32,NORDESTE,RIO GRANDE DO NORTE,CAPITAL,NATAL,CINEMA E AUDIOVISUAL,CINEMA E AUDIOVISUAL,RN,NE
2013,156,NORDESTE,RIO GRANDE DO NORTE,CAPITAL,NATAL,CIÊNCIA DA COMPUTAÇÃO,CIÊNCIA DA COMPUTAÇÃO,RN,NE
2013,1,NORDESTE,RIO GRANDE DO NORTE,CAPITAL,NATAL,CIÊNCIA DA COMPUTAÇÃO,CIÊNCIA DA COMPUTAÇÃO,RN,NE
2013,119,NORDESTE,RIO GRANDE DO NORTE,CAPITAL,NATAL,CIÊNCIA DA COMPUTAÇÃO,CIÊNCIA DA COMPUTAÇÃO,RN,NE
2013,3065,NORDESTE,RIO GRANDE DO NORTE,CAPITAL,NATAL,CIÊNCIA E TECNOLOGIA,CIÊNCIA E TECNOLOGIA,RN,NE
2013,5,NORDESTE,RIO GRANDE DO NORTE,CAPITAL,NATAL,CIÊNCIAS AERONÁUTICAS,CIÊNCIAS AERONÁUTICAS,RN,NE
2013,81,NORDESTE,RIO GRANDE DO NORTE,CAPITAL,NATAL,CIÊNCIAS ATUARIAIS,CIÊNCIAS ATUARIAIS,RN,NE
2013,315,NORDESTE,RIO GRANDE DO NORTE,CAPITAL,NATAL,CIÊNCIAS BIOLÓGICAS,CIÊNCIAS BIOLÓGICAS,RN,NE
2013,167,NORDESTE,RIO GRANDE DO NORTE,CAPITAL,NATAL,CIÊNCIAS BIOLÓGICAS,CIÊNCIAS BIOLÓGICAS,RN,NE
2013,88,NORDESTE,RIO GRANDE DO NORTE,CAPITAL,NATAL,CIÊNCIAS BIOLÓGICAS,CIÊNCIAS BIOLÓGICAS,RN,NE
2013,109,NORDESTE,RIO GRANDE DO NORTE,CAPITAL,NATAL,CIÊNCIAS BIOLÓGICAS,CIÊNCIAS BIOLÓGICAS,RN,NE
2013,295,NORDESTE,RIO GRANDE DO NORTE,CAPITAL,NATAL,CIÊNCIAS BIOLÓGICAS,CIÊNCIAS BIOLÓGICAS,RN,NE
2013,280,NORDESTE,RIO GRANDE DO NORTE,CAPITAL,NATAL,CIÊNCIAS BIOLÓGICAS,CIÊNCIAS BIOLÓGICAS,RN,NE
2013,793,NORDESTE,RIO GRANDE DO NORTE,CAPITAL,NATAL,CIÊNCIAS CONTÁBEIS,CIÊNCIAS CONTÁBEIS,RN,NE
2013,277,NORDESTE,RIO GRANDE DO NORTE,CAPITAL,NATAL,CIÊNCIAS CONTÁBEIS,CIÊNCIAS CONTÁBEIS,RN,NE
2013,246,NORDESTE,RIO GRANDE DO NORTE,CAPITAL,NATAL,CIÊNCIAS CONTÁBEIS,CIÊNCIAS CONTÁBEIS,RN,NE
2013,8,NORDESTE,RIO GRANDE DO NORTE,CAPITAL,NATAL,CIÊNCIAS CONTÁBEIS,CIÊNCIAS CONTÁBEIS,RN,NE
2013,4,NORDESTE,RIO GRANDE DO NORTE,CAPITAL,NATAL,CIÊNCIAS CONTÁBEIS,CIÊNCIAS CONTÁBEIS,RN,NE
2013,310,NORDESTE,RIO GRANDE DO NORTE,CAPITAL,NATAL,CIÊNCIAS CONTÁBEIS,CIÊNCIAS CONTÁBEIS,RN,NE
2013,33,NORDESTE,RIO GRANDE DO NORTE,CAPITAL,NATAL,CIÊNCIAS CONTÁBEIS,CIÊNCIAS CONTÁBEIS,RN,NE
2013,1,NORDESTE,RIO GRANDE DO NORTE,CAPITAL,NATAL,CIÊNCIAS CONTÁBEIS,CIÊNCIAS CONTÁBEIS,RN,NE
2013,3,NORDESTE,RIO GRANDE DO NORTE,CAPITAL,NATAL,CIÊNCIAS CONTÁBEIS,CIÊNCIAS CONTÁBEIS,RN,NE
2013,343,NORDESTE,RIO GRANDE DO NORTE,CAPITAL,NATAL,CIÊNCIAS CONTÁBEIS,CIÊNCIAS CONTÁBEIS,RN,NE
2013,433,NORDESTE,RIO GRANDE DO NORTE,CAPITAL,NATAL,CIÊNCIAS CONTÁBEIS,CIÊNCIAS CONTÁBEIS,RN,NE
2013,1368,NORDESTE,RIO GRANDE DO NORTE,CAPITAL,NATAL,CIÊNCIAS CONTÁBEIS,CIÊNCIAS CONTÁBEIS,RN,NE
2013,278,NORDESTE,RIO GRANDE DO NORTE,CAPITAL,NATAL,CIÊNCIAS CONTÁBEIS,CIÊNCIAS CONTÁBEIS,RN,NE
2013,33,NORDESTE,RIO GRANDE DO NORTE,CAPITAL,NATAL,CIÊNCIAS CONTÁBEIS,CIÊNCIAS CONTÁBEIS,RN,NE
2013,302,NORDESTE,RIO GRANDE DO NORTE,CAPITAL,NATAL,CIÊNCIAS CONTÁBEIS,CIÊNCIAS CONTÁBEIS,RN,NE
2013,561,NORDESTE,RIO GRANDE DO NORTE,CAPITAL,NATAL,CIÊNCIAS CONTÁBEIS,CIÊNCIAS CONTÁBEIS,RN,NE
2013,146,NORDESTE,RIO GRANDE DO NORTE,CAPITAL,NATAL,CIÊNCIAS DA RELIGIÃO,CIÊNCIAS DA RELIGIÃO,RN,NE
2013,4,NORDESTE,RIO GRANDE DO NORTE,CAPITAL,NATAL,CIÊNCIAS ECONÔMICAS,CIÊNCIAS ECONÔMICAS,RN,NE
2013,325,NORDESTE,RIO GRANDE DO NORTE,CAPITAL,NATAL,CIÊNCIAS ECONÔMICAS,CIÊNCIAS ECONÔMICAS,RN,NE
2013,226,NORDESTE,RIO GRANDE DO NORTE,CAPITAL,NATAL,CIÊNCIAS SOCIAIS,CIÊNCIAS SOCIAIS,RN,NE
2013,177,NORDESTE,RIO GRANDE DO NORTE,CAPITAL,NATAL,CIÊNCIAS SOCIAIS,CIÊNCIAS SOCIAIS,RN,NE
2013,1,NORDESTE,RIO GRANDE DO NORTE,CAPITAL,NATAL,CIÊNCIAS SOCIAIS - POLÍTICA E SOCIOLOGIA,CIÊNCIAS SOCIAIS - POLÍTICA E SOCIOLOGIA,RN,NE
2013,479,NORDESTE,RIO GRANDE DO NORTE,CAPITAL,NATAL,COMUNICAÇÃO SOCIAL - JORNALISMO,COMUNICAÇÃO SOCIAL - JORNALISMO,RN,NE
2013,235,NORDESTE,RIO GRANDE DO NORTE,CAPITAL,NATAL,COMUNICAÇÃO SOCIAL - PUBLICIDADE E PROPAGANDA,COMUNICAÇÃO SOCIAL - PUBLICIDADE E PROPAGANDA,RN,NE
2013,369,NORDESTE,RIO GRANDE DO NORTE,CAPITAL,NATAL,COMUNICAÇÃO SOCIAL - PUBLICIDADE E PROPAGANDA,COMUNICAÇÃO SOCIAL - PUBLICIDADE E PROPAGANDA,RN,NE
2013,338,NORDESTE,RIO GRANDE DO NORTE,CAPITAL,NATAL,COMUNICAÇÃO SOCIAL - PUBLICIDADE E PROPAGANDA,COMUNICAÇÃO SOCIAL - PUBLICIDADE E PROPAGANDA,RN,NE
2013,313,NORDESTE,RIO GRANDE DO NORTE,CAPITAL,NATAL,COMUNICAÇÃO SOCIAL - RADIALISMO,COMUNICAÇÃO SOCIAL - RADIALISMO,RN,NE
2013,115,NORDESTE,RIO GRANDE DO NORTE,CAPITAL,NATAL,COMÉRCIO EXTERIOR,COMÉRCIO EXTERIOR,RN,NE
2013,2,NORDESTE,RIO GRANDE DO NORTE,CAPITAL,NATAL,COMÉRCIO EXTERIOR,COMÉRCIO EXTERIOR,RN,NE
2013,7,NORDESTE,RIO GRANDE DO NORTE,CAPITAL,NATAL,COMÉRCIO EXTERIOR,COMÉRCIO EXTERIOR,RN,NE
2013,26,NORDESTE,RIO GRANDE DO NORTE,CAPITAL,NATAL,COMÉRCIO EXTERIOR,COMÉRCIO EXTERIOR,RN,NE
2013,176,NORDESTE,RIO GRANDE DO NORTE,CAPITAL,NATAL,CONSTRUÇÃO DE EDIFÍCIOS,CONSTRUÇÃO DE EDIFÍCIOS,RN,NE
2013,118,NORDESTE,RIO GRANDE DO NORTE,CAPITAL,NATAL,DANÇA,DANÇA,RN,NE
2013,184,NORDESTE,RIO GRANDE DO NORTE,CAPITAL,NATAL,DESIGN,DESIGN,RN,NE
2013,451,NORDESTE,RIO GRANDE DO NORTE,CAPITAL,NATAL,DESIGN DE INTERIORES,DESIGN DE INTERIORES,RN,NE
2013,421,NORDESTE,RIO GRANDE DO NORTE,CAPITAL,NATAL,DESIGN GRÁFICO,DESIGN GRÁFICO,RN,NE
2013,793,NORDESTE,RIO GRANDE DO NORTE,CAPITAL,NATAL,DIREITO,DIREITO,RN,NE
2013,519,NORDESTE,RIO GRANDE DO NORTE,CAPITAL,NATAL,DIREITO,DIREITO,RN,NE
2013,62,NORDESTE,RIO GRANDE DO NORTE,CAPITAL,NATAL,DIREITO,DIREITO,RN,NE
2013,544,NORDESTE,RIO GRANDE DO NORTE,CAPITAL,NATAL,DIREITO,DIREITO,RN,NE
2013,3778,NORDESTE,RIO GRANDE DO NORTE,CAPITAL,NATAL,DIREITO,DIREITO,RN,NE
2013,581,NORDESTE,RIO GRANDE DO NORTE,CAPITAL,NATAL,DIREITO,DIREITO,RN,NE
2013,249,NORDESTE,RIO GRANDE DO NORTE,CAPITAL,NATAL,DIREITO,DIREITO,RN,NE
2013,732,NORDESTE,RIO GRANDE DO NORTE,CAPITAL,NATAL,DIREITO,DIREITO,RN,NE
2013,182,NORDESTE,RIO GRANDE DO NORTE,CAPITAL,NATAL,DIREITO,DIREITO,RN,NE
2013,406,NORDESTE,RIO GRANDE DO NORTE,CAPITAL,NATAL,DIREITO,DIREITO,RN,NE
2013,1490,NORDESTE,RIO GRANDE DO NORTE,CAPITAL,NATAL,DIREITO,DIREITO,RN,NE
2013,255,NORDESTE,RIO GRANDE DO NORTE,CAPITAL,NATAL,ECOLOGIA,ECOLOGIA,RN,NE
2013,233,NORDESTE,RIO GRANDE DO NORTE,CAPITAL,NATAL,EDUCAÇÃO FÍSICA,EDUCAÇÃO FÍSICA,RN,NE
2013,318,NORDESTE,RIO GRANDE DO NORTE,CAPITAL,NATAL,EDUCAÇÃO FÍSICA,EDUCAÇÃO FÍSICA,RN,NE
2013,51,NORDESTE,RIO GRANDE DO NORTE,CAPITAL,NATAL,EDUCAÇÃO FÍSICA,EDUCAÇÃO FÍSICA,RN,NE
2013,756,NORDESTE,RIO GRANDE DO NORTE,CAPITAL,NATAL,EDUCAÇÃO FÍSICA,EDUCAÇÃO FÍSICA,RN,NE
2013,378,NORDESTE,RIO GRANDE DO NORTE,CAPITAL,NATAL,EDUCAÇÃO FÍSICA,EDUCAÇÃO FÍSICA,RN,NE
2013,231,NORDESTE,RIO GRANDE DO NORTE,CAPITAL,NATAL,EDUCAÇÃO FÍSICA,EDUCAÇÃO FÍSICA,RN,NE
2013,214,NORDESTE,RIO GRANDE DO NORTE,CAPITAL,NATAL,EDUCAÇÃO FÍSICA,EDUCAÇÃO FÍSICA,RN,NE
2013,301,NORDESTE,RIO GRANDE DO NORTE,CAPITAL,NATAL,EDUCAÇÃO FÍSICA,EDUCAÇÃO FÍSICA,RN,NE
2013,130,NORDESTE,RIO GRANDE DO NORTE,CAPITAL,NATAL,EDUCAÇÃO FÍSICA,EDUCAÇÃO FÍSICA,RN,NE
2013,174,NORDESTE,RIO GRANDE DO NORTE,CAPITAL,NATAL,EDUCAÇÃO FÍSICA,EDUCAÇÃO FÍSICA,RN,NE
2013,444,NORDESTE,RIO GRANDE DO NORTE,CAPITAL,NATAL,ENFERMAGEM,ENFERMAGEM,RN,NE
2013,504,NORDESTE,RIO GRANDE DO NORTE,CAPITAL,NATAL,ENFERMAGEM,ENFERMAGEM,RN,NE
2013,1,NORDESTE,RIO GRANDE DO NORTE,CAPITAL,NATAL,ENFERMAGEM,ENFERMAGEM,RN,NE
2013,20,NORDESTE,RIO GRANDE DO NORTE,CAPITAL,NATAL,ENFERMAGEM,ENFERMAGEM,RN,NE
2013,1826,NORDESTE,RIO GRANDE DO NORTE,CAPITAL,NATAL,ENFERMAGEM,ENFERMAGEM,RN,NE
2013,350,NORDESTE,RIO GRANDE DO NORTE,CAPITAL,NATAL,ENFERMAGEM,ENFERMAGEM,RN,NE
2013,327,NORDESTE,RIO GRANDE DO NORTE,CAPITAL,NATAL,ENFERMAGEM,ENFERMAGEM,RN,NE
2013,973,NORDESTE,RIO GRANDE DO NORTE,CAPITAL,NATAL,ENFERMAGEM,ENFERMAGEM,RN,NE
2013,26,NORDESTE,RIO GRANDE DO NORTE,CAPITAL,NATAL,ENGENHARIA AMBIENTAL,ENGENHARIA AMBIENTAL,RN,NE
2013,35,NORDESTE,RIO GRANDE DO NORTE,CAPITAL,NATAL,ENGENHARIA AMBIENTAL E SANITÁRIA,ENGENHARIA AMBIENTAL E SANITÁRIA,RN,NE
2013,7,NORDESTE,RIO GRANDE DO NORTE,CAPITAL,NATAL,ENGENHARIA BIOMÉDICA,ENGENHARIA BIOMÉDICA,RN,NE
2013,2747,NORDESTE,RIO GRANDE DO NORTE,CAPITAL,NATAL,ENGENHARIA CIVIL,ENGENHARIA CIVIL,RN,NE
2013,425,NORDESTE,RIO GRANDE DO NORTE,CAPITAL,NATAL,ENGENHARIA CIVIL,ENGENHARIA CIVIL,RN,NE
2013,92,NORDESTE,RIO GRANDE DO NORTE,CAPITAL,NATAL,ENGENHARIA CIVIL,ENGENHARIA CIVIL,RN,NE
2013,651,NORDESTE,RIO GRANDE DO NORTE,CAPITAL,NATAL,ENGENHARIA CIVIL,ENGENHARIA CIVIL,RN,NE
2013,25,NORDESTE,RIO GRANDE DO NORTE,CAPITAL,NATAL,ENGENHARIA DA COMPUTAÇÃO,ENGENHARIA DA COMPUTAÇÃO,RN,NE
2013,107,NORDESTE,RIO GRANDE DO NORTE,CAPITAL,NATAL,ENGENHARIA DA COMPUTAÇÃO,ENGENHARIA DA COMPUTAÇÃO,RN,NE
2013,198,NORDESTE,RIO GRANDE DO NORTE,CAPITAL,NATAL,ENGENHARIA DE ALIMENTOS,ENGENHARIA DE ALIMENTOS,RN,NE
2013,102,NORDESTE,RIO GRANDE DO NORTE,CAPITAL,NATAL,ENGENHARIA DE AQUICULTURA,ENGENHARIA DE AQUICULTURA,RN,NE
2013,220,NORDESTE,RIO GRANDE DO NORTE,CAPITAL,NATAL,ENGENHARIA DE COMPUTAÇÃO,ENGENHARIA DE COMPUTAÇÃO,RN,NE
2013,35,NORDESTE,RIO GRANDE DO NORTE,CAPITAL,NATAL,ENGENHARIA DE MATERIAIS,ENGENHARIA DE MATERIAIS,RN,NE
2013,109,NORDESTE,RIO GRANDE DO NORTE,CAPITAL,NATAL,ENGENHARIA DE PETRÓLEO,ENGENHARIA DE PETRÓLEO,RN,NE
2013,492,NORDESTE,RIO GRANDE DO NORTE,CAPITAL,NATAL,ENGENHARIA DE PETRÓLEO E GÁS,ENGENHARIA DE PETRÓLEO E GÁS,RN,NE
2013,29,NORDESTE,RIO GRANDE DO NORTE,CAPITAL,NATAL,ENGENHARIA DE PRODUÇÃO,ENGENHARIA DE PRODUÇÃO,RN,NE
2013,17,NORDESTE,RIO GRANDE DO NORTE,CAPITAL,NATAL,ENGENHARIA DE PRODUÇÃO,ENGENHARIA DE PRODUÇÃO,RN,NE
2013,398,NORDESTE,RIO GRANDE DO NORTE,CAPITAL,NATAL,ENGENHARIA DE PRODUÇÃO,ENGENHARIA DE PRODUÇÃO,RN,NE
2013,247,NORDESTE,RIO GRANDE DO NORTE,CAPITAL,NATAL,ENGENHARIA DE PRODUÇÃO,ENGENHARIA DE PRODUÇÃO,RN,NE
2013,59,NORDESTE,RIO GRANDE DO NORTE,CAPITAL,NATAL,ENGENHARIA DE SOFTWARE,ENGENHARIA DE SOFTWARE,RN,NE
2013,10,NORDESTE,RIO GRANDE DO NORTE,CAPITAL,NATAL,ENGENHARIA DE TELECOMUNICAÇÕES,ENGENHARIA DE TELECOMUNICAÇÕES,RN,NE
2013,84,NORDESTE,RIO GRANDE DO NORTE,CAPITAL,NATAL,ENGENHARIA ELÉTRICA,ENGENHARIA ELÉTRICA,RN,NE
2013,34,NORDESTE,RIO GRANDE DO NORTE,CAPITAL,NATAL,ENGENHARIA ELÉTRICA,ENGENHARIA ELÉTRICA,RN,NE
2013,458,NORDESTE,RIO GRANDE DO NORTE,CAPITAL,NATAL,ENGENHARIA ELÉTRICA,ENGENHARIA ELÉTRICA,RN,NE
2013,15,NORDESTE,RIO GRANDE DO NORTE,CAPITAL,NATAL,ENGENHARIA MECATRÔNICA,ENGENHARIA MECATRÔNICA,RN,NE
2013,86,NORDESTE,RIO GRANDE DO NORTE,CAPITAL,NATAL,ENGENHARIA MECÂNICA,ENGENHARIA MECÂNICA,RN,NE
2013,41,NORDESTE,RIO GRANDE DO NORTE,CAPITAL,NATAL,ENGENHARIA MECÂNICA,ENGENHARIA MECÂNICA,RN,NE
2013,214,NORDESTE,RIO GRANDE DO NORTE,CAPITAL,NATAL,ENGENHARIA MECÂNICA,ENGENHARIA MECÂNICA,RN,NE
2013,353,NORDESTE,RIO GRANDE DO NORTE,CAPITAL,NATAL,ENGENHARIA QUÍMICA,ENGENHARIA QUÍMICA,RN,NE
2013,218,NORDESTE,RIO GRANDE DO NORTE,CAPITAL,NATAL,ENGENHARIA TÊXTIL,ENGENHARIA TÊXTIL,RN,NE
2013,96,NORDESTE,RIO GRANDE DO NORTE,CAPITAL,NATAL,ESTATÍSTICA,ESTATÍSTICA,RN,NE
2013,519,NORDESTE,RIO GRANDE DO NORTE,CAPITAL,NATAL,ESTÉTICA E COSMÉTICA,ESTÉTICA E COSMÉTICA,RN,NE
2013,7,NORDESTE,RIO GRANDE DO NORTE,CAPITAL,NATAL,ESTÉTICA E IMAGEM PESSOAL,ESTÉTICA E IMAGEM PESSOAL,RN,NE
2013,415,NORDESTE,RIO GRANDE DO NORTE,CAPITAL,NATAL,FARMÁCIA,FARMÁCIA,RN,NE
2013,448,NORDESTE,RIO GRANDE DO NORTE,CAPITAL,NATAL,FARMÁCIA,FARMÁCIA,RN,NE
2013,378,NORDESTE,RIO GRANDE DO NORTE,CAPITAL,NATAL,FARMÁCIA,FARMÁCIA,RN,NE
2013,7,NORDESTE,RIO GRANDE DO NORTE,CAPITAL,NATAL,FILOSOFIA,FILOSOFIA,RN,NE
2013,100,NORDESTE,RIO GRANDE DO NORTE,CAPITAL,NATAL,FILOSOFIA,FILOSOFIA,RN,NE
2013,109,NORDESTE,RIO GRANDE DO NORTE,CAPITAL,NATAL,FILOSOFIA,FILOSOFIA,RN,NE
2013,43,NORDESTE,RIO GRANDE DO NORTE,CAPITAL,NATAL,FILOSOFIA,FILOSOFIA,RN,NE
2013,214,NORDESTE,RIO GRANDE DO NORTE,CAPITAL,NATAL,FISIOTERAPIA,FISIOTERAPIA,RN,NE
2013,434,NORDESTE,RIO GRANDE DO NORTE,CAPITAL,NATAL,FISIOTERAPIA,FISIOTERAPIA,RN,NE
2013,385,NORDESTE,RIO GRANDE DO NORTE,CAPITAL,NATAL,FISIOTERAPIA,FISIOTERAPIA,RN,NE
2013,198,NORDESTE,RIO GRANDE DO NORTE,CAPITAL,NATAL,FISIOTERAPIA,FISIOTERAPIA,RN,NE
2013,732,NORDESTE,RIO GRANDE DO NORTE,CAPITAL,NATAL,FISIOTERAPIA,FISIOTERAPIA,RN,NE
2013,177,NORDESTE,RIO GRANDE DO NORTE,CAPITAL,NATAL,FISIOTERAPIA,FISIOTERAPIA,RN,NE
2013,140,NORDESTE,RIO GRANDE DO NORTE,CAPITAL,NATAL,FONOAUDIOLOGIA,FONOAUDIOLOGIA,RN,NE
2013,143,NORDESTE,RIO GRANDE DO NORTE,CAPITAL,NATAL,FONOAUDIOLOGIA,FONOAUDIOLOGIA,RN,NE
2013,107,NORDESTE,RIO GRANDE DO NORTE,CAPITAL,NATAL,FÍSICA,FÍSICA,RN,NE
2013,148,NORDESTE,RIO GRANDE DO NORTE,CAPITAL,NATAL,FÍSICA,FÍSICA,RN,NE
2013,105,NORDESTE,RIO GRANDE DO NORTE,CAPITAL,NATAL,FÍSICA,FÍSICA,RN,NE
2013,1033,NORDESTE,RIO GRANDE DO NORTE,CAPITAL,NATAL,GASTRONOMIA,GASTRONOMIA,RN,NE
2013,134,NORDESTE,RIO GRANDE DO NORTE,CAPITAL,NATAL,GEOFISICA,GEOFISICA,RN,NE
2013,159,NORDESTE,RIO GRANDE DO NORTE,CAPITAL,NATAL,GEOGRAFIA,GEOGRAFIA,RN,NE
2013,133,NORDESTE,RIO GRANDE DO NORTE,CAPITAL,NATAL,GEOGRAFIA,GEOGRAFIA,RN,NE
2013,194,NORDESTE,RIO GRANDE DO NORTE,CAPITAL,NATAL,GEOGRAFIA,GEOGRAFIA,RN,NE
2013,162,NORDESTE,RIO GRANDE DO NORTE,CAPITAL,NATAL,GEOLOGIA,GEOLOGIA,RN,NE
2013,127,NORDESTE,RIO GRANDE DO NORTE,CAPITAL,NATAL,GESTÃO AMBIENTAL,GESTÃO AMBIENTAL,RN,NE
2013,1,NORDESTE,RIO GRANDE DO NORTE,CAPITAL,NATAL,GESTÃO AMBIENTAL,GESTÃO AMBIENTAL,RN,NE
2013,6,NORDESTE,RIO GRANDE DO NORTE,CAPITAL,NATAL,GESTÃO AMBIENTAL,GESTÃO AMBIENTAL,RN,NE
2013,32,NORDESTE,RIO GRANDE DO NORTE,CAPITAL,NATAL,GESTÃO AMBIENTAL,GESTÃO AMBIENTAL,RN,NE
2013,3,NORDESTE,RIO GRANDE DO NORTE,CAPITAL,NATAL,GESTÃO AMBIENTAL,GESTÃO AMBIENTAL,RN,NE
2013,175,NORDESTE,RIO GRANDE DO NORTE,CAPITAL,NATAL,GESTÃO AMBIENTAL,GESTÃO AMBIENTAL,RN,NE
2013,354,NORDESTE,RIO GRANDE DO NORTE,CAPITAL,NATAL,GESTÃO COMERCIAL,GESTÃO COMERCIAL,RN,NE
2013,350,NORDESTE,RIO GRANDE DO NORTE,CAPITAL,NATAL,GESTÃO COMERCIAL,GESTÃO COMERCIAL,RN,NE
2013,16,NORDESTE,RIO GRANDE DO NORTE,CAPITAL,NATAL,GESTÃO COMERCIAL,GESTÃO COMERCIAL,RN,NE
2013,1,NORDESTE,RIO GRANDE DO NORTE,CAPITAL,NATAL,GESTÃO COMERCIAL,GESTÃO COMERCIAL,RN,NE
2013,39,NORDESTE,RIO GRANDE DO NORTE,CAPITAL,NATAL,GESTÃO COMERCIAL,GESTÃO COMERCIAL,RN,NE
2013,44,NORDESTE,RIO GRANDE DO NORTE,CAPITAL,NATAL,GESTÃO COMERCIAL,GESTÃO COMERCIAL,RN,NE
2013,71,NORDESTE,RIO GRANDE DO NORTE,CAPITAL,NATAL,GESTÃO COMERCIAL,GESTÃO COMERCIAL,RN,NE
2013,4,NORDESTE,RIO GRANDE DO NORTE,CAPITAL,NATAL,GESTÃO DA PRODUÇÃO INDUSTRIAL,GESTÃO DA PRODUÇÃO INDUSTRIAL,RN,NE
2013,37,NORDESTE,RIO GRANDE DO NORTE,CAPITAL,NATAL,GESTÃO DA QUALIDADE,GESTÃO DA QUALIDADE,RN,NE
2013,2,NORDESTE,RIO GRANDE DO NORTE,CAPITAL,NATAL,GESTÃO DA TECNOLOGIA DA INFORMAÇÃO,GESTÃO DA TECNOLOGIA DA INFORMAÇÃO,RN,NE
2013,27,NORDESTE,RIO GRANDE DO NORTE,CAPITAL,NATAL,GESTÃO DA TECNOLOGIA DA INFORMAÇÃO,GESTÃO DA TECNOLOGIA DA INFORMAÇÃO,RN,NE
2013,3,NORDESTE,RIO GRANDE DO NORTE,CAPITAL,NATAL,GESTÃO DA TECNOLOGIA DA INFORMAÇÃO,GESTÃO DA TECNOLOGIA DA INFORMAÇÃO,RN,NE
2013,10,NORDESTE,RIO GRANDE DO NORTE,CAPITAL,NATAL,GESTÃO DA TECNOLOGIA DA INFORMAÇÃO,GESTÃO DA TECNOLOGIA DA INFORMAÇÃO,RN,NE
2013,87,NORDESTE,RIO GRANDE DO NORTE,CAPITAL,NATAL,GESTÃO DA TECNOLOGIA DA INFORMAÇÃO,GESTÃO DA TECNOLOGIA DA INFORMAÇÃO,RN,NE
2013,49,NORDESTE,RIO GRANDE DO NORTE,CAPITAL,NATAL,GESTÃO DE COOPERATIVAS,GESTÃO DE COOPERATIVAS,RN,NE
2013,401,NORDESTE,RIO GRANDE DO NORTE,CAPITAL,NATAL,GESTÃO DE POLÍTICAS PÚBLICAS,GESTÃO DE POLÍTICAS PÚBLICAS,RN,NE
2013,672,NORDESTE,RIO GRANDE DO NORTE,CAPITAL,NATAL,GESTÃO DE RECURSOS HUMANOS,GESTÃO DE RECURSOS HUMANOS,RN,NE
2013,199,NORDESTE,RIO GRANDE DO NORTE,CAPITAL,NATAL,GESTÃO DE RECURSOS HUMANOS,GESTÃO DE RECURSOS HUMANOS,RN,NE
2013,6,NORDESTE,RIO GRANDE DO NORTE,CAPITAL,NATAL,GESTÃO DE RECURSOS HUMANOS,GESTÃO DE RECURSOS HUMANOS,RN,NE
2013,51,NORDESTE,RIO GRANDE DO NORTE,CAPITAL,NATAL,GESTÃO DE RECURSOS HUMANOS,GESTÃO DE RECURSOS HUMANOS,RN,NE
2013,438,NORDESTE,RIO GRANDE DO NORTE,CAPITAL,NATAL,GESTÃO DE RECURSOS HUMANOS,GESTÃO DE RECURSOS HUMANOS,RN,NE
2013,4,NORDESTE,RIO GRANDE DO NORTE,CAPITAL,NATAL,GESTÃO DE RECURSOS HUMANOS,GESTÃO DE RECURSOS HUMANOS,RN,NE
2013,3,NORDESTE,RIO GRANDE DO NORTE,CAPITAL,NATAL,GESTÃO DE RECURSOS HUMANOS,GESTÃO DE RECURSOS HUMANOS,RN,NE
2013,43,NORDESTE,RIO GRANDE DO NORTE,CAPITAL,NATAL,GESTÃO DE RECURSOS HUMANOS,GESTÃO DE RECURSOS HUMANOS,RN,NE
2013,376,NORDESTE,RIO GRANDE DO NORTE,CAPITAL,NATAL,GESTÃO DE RECURSOS HUMANOS,GESTÃO DE RECURSOS HUMANOS,RN,NE
2013,317,NORDESTE,RIO GRANDE DO NORTE,CAPITAL,NATAL,GESTÃO DE RECURSOS HUMANOS,GESTÃO DE RECURSOS HUMANOS,RN,NE
2013,137,NORDESTE,RIO GRANDE DO NORTE,CAPITAL,NATAL,GESTÃO DE RECURSOS HUMANOS,GESTÃO DE RECURSOS HUMANOS,RN,NE
2013,72,NORDESTE,RIO GRANDE DO NORTE,CAPITAL,NATAL,GESTÃO DE SEGURANÇA PRIVADA,GESTÃO DE SEGURANÇA PRIVADA,RN,NE
2013,7,NORDESTE,RIO GRANDE DO NORTE,CAPITAL,NATAL,GESTÃO DE SEGURANÇA PÚBLICA,GESTÃO DE SEGURANÇA PÚBLICA,RN,NE
2013,5,NORDESTE,RIO GRANDE DO NORTE,CAPITAL,NATAL,GESTÃO DE TURISMO,GESTÃO DE TURISMO,RN,NE
2013,105,NORDESTE,RIO GRANDE DO NORTE,CAPITAL,NATAL,GESTÃO DESPORTIVA E DE LAZER,GESTÃO DESPORTIVA E DE LAZER,RN,NE
2013,14,NORDESTE,RIO GRANDE DO NORTE,CAPITAL,NATAL,GESTÃO E MARKETING DE PEQUENAS E MÉDIAS EMPRESAS,GESTÃO E MARKETING DE PEQUENAS E MÉDIAS EMPRESAS,RN,NE
2013,154,NORDESTE,RIO GRANDE DO NORTE,CAPITAL,NATAL,GESTÃO EM SISTEMAS E SERVIÇOS DE SAÚDE,GESTÃO EM SISTEMAS E SERVIÇOS DE SAÚDE,RN,NE
2013,34,NORDESTE,RIO GRANDE DO NORTE,CAPITAL,NATAL,GESTÃO FINANCEIRA,GESTÃO FINANCEIRA,RN,NE
2013,1,NORDESTE,RIO GRANDE DO NORTE,CAPITAL,NATAL,GESTÃO FINANCEIRA,GESTÃO FINANCEIRA,RN,NE
2013,1,NORDESTE,RIO GRANDE DO NORTE,CAPITAL,NATAL,GESTÃO FINANCEIRA,GESTÃO FINANCEIRA,RN,NE
2013,5,NORDESTE,RIO GRANDE DO NORTE,CAPITAL,NATAL,GESTÃO FINANCEIRA,GESTÃO FINANCEIRA,RN,NE
2013,4,NORDESTE,RIO GRANDE DO NORTE,CAPITAL,NATAL,GESTÃO FINANCEIRA,GESTÃO FINANCEIRA,RN,NE
2013,15,NORDESTE,RIO GRANDE DO NORTE,CAPITAL,NATAL,GESTÃO FINANCEIRA,GESTÃO FINANCEIRA,RN,NE
2013,240,NORDESTE,RIO GRANDE DO NORTE,CAPITAL,NATAL,GESTÃO FINANCEIRA,GESTÃO FINANCEIRA,RN,NE
2013,59,NORDESTE,RIO GRANDE DO NORTE,CAPITAL,NATAL,GESTÃO FINANCEIRA,GESTÃO FINANCEIRA,RN,NE
2013,204,NORDESTE,RIO GRANDE DO NORTE,CAPITAL,NATAL,GESTÃO HOSPITALAR,GESTÃO HOSPITALAR,RN,NE
2013,9,NORDESTE,RIO GRANDE DO NORTE,CAPITAL,NATAL,GESTÃO HOSPITALAR,GESTÃO HOSPITALAR,RN,NE
2013,11,NORDESTE,RIO GRANDE DO NORTE,CAPITAL,NATAL,GESTÃO HOSPITALAR,GESTÃO HOSPITALAR,RN,NE
2013,167,NORDESTE,RIO GRANDE DO NORTE,CAPITAL,NATAL,GESTÃO HOSPITALAR,GESTÃO HOSPITALAR,RN,NE
2013,169,NORDESTE,RIO GRANDE DO NORTE,CAPITAL,NATAL,GESTÃO PÚBLICA,GESTÃO PÚBLICA,RN,NE
2013,21,NORDESTE,RIO GRANDE DO NORTE,CAPITAL,NATAL,GESTÃO PÚBLICA,GESTÃO PÚBLICA,RN,NE
2013,171,NORDESTE,RIO GRANDE DO NORTE,CAPITAL,NATAL,GESTÃO PÚBLICA,GESTÃO PÚBLICA,RN,NE
2013,91,NORDESTE,RIO GRANDE DO NORTE,CAPITAL,NATAL,GESTÃO PÚBLICA,GESTÃO PÚBLICA,RN,NE
2013,13,NORDESTE,RIO GRANDE DO NORTE,CAPITAL,NATAL,GESTÃO PÚBLICA,GESTÃO PÚBLICA,RN,NE
2013,52,NORDESTE,RIO GRANDE DO NORTE,CAPITAL,NATAL,GESTÃO PÚBLICA,GESTÃO PÚBLICA,RN,NE
2013,30,NORDESTE,RIO GRANDE DO NORTE,CAPITAL,NATAL,GESTÃO PÚBLICA,GESTÃO PÚBLICA,RN,NE
2013,37,NORDESTE,RIO GRANDE DO NORTE,CAPITAL,NATAL,GESTÃO PÚBLICA,GESTÃO PÚBLICA,RN,NE
2013,1,NORDESTE,RIO GRANDE DO NORTE,CAPITAL,NATAL,GESTÃO PÚBLICA,GESTÃO PÚBLICA,RN,NE
2013,15,NORDESTE,RIO GRANDE DO NORTE,CAPITAL,NATAL,GESTÃO PÚBLICA,GESTÃO PÚBLICA,RN,NE
2013,167,NORDESTE,RIO GRANDE DO NORTE,CAPITAL,NATAL,HISTÓRIA,HISTÓRIA,RN,NE
2013,258,NORDESTE,RIO GRANDE DO NORTE,CAPITAL,NATAL,HISTÓRIA,HISTÓRIA,RN,NE
2013,11,NORDESTE,RIO GRANDE DO NORTE,CAPITAL,NATAL,HISTÓRIA,HISTÓRIA,RN,NE
2013,359,NORDESTE,RIO GRANDE DO NORTE,CAPITAL,NATAL,HISTÓRIA,HISTÓRIA,RN,NE
2013,8,NORDESTE,RIO GRANDE DO NORTE,CAPITAL,NATAL,HOTELARIA,HOTELARIA,RN,NE
2013,78,NORDESTE,RIO GRANDE DO NORTE,CAPITAL,NATAL,INFORMÁTICA,INFORMÁTICA,RN,NE
2013,103,NORDESTE,RIO GRANDE DO NORTE,CAPITAL,NATAL,JORNALISMO,JORNALISMO,RN,NE
2013,2,NORDESTE,RIO GRANDE DO NORTE,CAPITAL,NATAL,LETRAS,LETRAS,RN,NE
2013,7,NORDESTE,RIO GRANDE DO NORTE,CAPITAL,NATAL,LETRAS - ESPANHOL,LETRAS - ESPANHOL,RN,NE
2013,51,NORDESTE,RIO GRANDE DO NORTE,CAPITAL,NATAL,LETRAS - ESPANHOL,LETRAS - ESPANHOL,RN,NE
2013,95,NORDESTE,RIO GRANDE DO NORTE,CAPITAL,NATAL,LETRAS - ESPANHOL,LETRAS - ESPANHOL,RN,NE
2013,19,NORDESTE,RIO GRANDE DO NORTE,CAPITAL,NATAL,LETRAS - INGLÊS,LETRAS - INGLÊS,RN,NE
2013,4,NORDESTE,RIO GRANDE DO NORTE,CAPITAL,NATAL,LETRAS - INGLÊS,LETRAS - INGLÊS,RN,NE
2013,165,NORDESTE,RIO GRANDE DO NORTE,CAPITAL,NATAL,LETRAS - LINGUA ESPANHOLA,LETRAS - LINGUA ESPANHOLA,RN,NE
2013,68,NORDESTE,RIO GRANDE DO NORTE,CAPITAL,NATAL,LETRAS - LÍNGUA FRANCESA E LITERATURA,LETRAS - LÍNGUA FRANCESA E LITERATURA,RN,NE
2013,88,NORDESTE,RIO GRANDE DO NORTE,CAPITAL,NATAL,LETRAS - LÍNGUA INGLESA E RESPECTIVAS LITERATURAS,LETRAS - LÍNGUA INGLESA E RESPECTIVAS LITERATURAS,RN,NE
2013,328,NORDESTE,RIO GRANDE DO NORTE,CAPITAL,NATAL,LETRAS - LÍNGUA PORTUGUESA,LETRAS - LÍNGUA PORTUGUESA,RN,NE
2013,27,NORDESTE,RIO GRANDE DO NORTE,CAPITAL,NATAL,LETRAS - LÍNGUA PORTUGUESA,LETRAS - LÍNGUA PORTUGUESA,RN,NE
2013,25,NORDESTE,RIO GRANDE DO NORTE,CAPITAL,NATAL,LETRAS - LÍNGUA PORTUGUESA,LETRAS - LÍNGUA PORTUGUESA,RN,NE
2013,182,NORDESTE,RIO GRANDE DO NORTE,CAPITAL,NATAL,LETRAS - LÍNGUA PORTUGUESA,LETRAS - LÍNGUA PORTUGUESA,RN,NE
2013,182,NORDESTE,RIO GRANDE DO NORTE,CAPITAL,NATAL,LETRAS - LÍNGUA PORTUGUESA,LETRAS - LÍNGUA PORTUGUESA,RN,NE
2013,39,NORDESTE,RIO GRANDE DO NORTE,CAPITAL,NATAL,LETRAS - LÍNGUA PORTUGUESA E LIBRAS,LETRAS - LÍNGUA PORTUGUESA E LIBRAS,RN,NE
2013,2,NORDESTE,RIO GRANDE DO NORTE,CAPITAL,NATAL,LETRAS - PORTUGUÊS,LETRAS - PORTUGUÊS,RN,NE
2013,3,NORDESTE,RIO GRANDE DO NORTE,CAPITAL,NATAL,LETRAS - PORTUGUÊS E ESPANHOL,LETRAS - PORTUGUÊS E ESPANHOL,RN,NE
2013,239,NORDESTE,RIO GRANDE DO NORTE,CAPITAL,NATAL,LETRAS - PORTUGUÊS E INGLÊS,LETRAS - PORTUGUÊS E INGLÊS,RN,NE
2013,11,NORDESTE,RIO GRANDE DO NORTE,CAPITAL,NATAL,LETRAS - PORTUGUÊS E INGLÊS,LETRAS - PORTUGUÊS E INGLÊS,RN,NE
2013,1,NORDESTE,RIO GRANDE DO NORTE,CAPITAL,NATAL,LOGÍSTICA,LOGÍSTICA,RN,NE
2013,28,NORDESTE,RIO GRANDE DO NORTE,CAPITAL,NATAL,LOGÍSTICA,LOGÍSTICA,RN,NE
2013,3,NORDESTE,RIO GRANDE DO NORTE,CAPITAL,NATAL,LOGÍSTICA,LOGÍSTICA,RN,NE
2013,50,NORDESTE,RIO GRANDE DO NORTE,CAPITAL,NATAL,LOGÍSTICA,LOGÍSTICA,RN,NE
2013,4,NORDESTE,RIO GRANDE DO NORTE,CAPITAL,NATAL,MARKETING,MARKETING,RN,NE
2013,24,NORDESTE,RIO GRANDE DO NORTE,CAPITAL,NATAL,MARKETING,MARKETING,RN,NE
2013,11,NORDESTE,RIO GRANDE DO NORTE,CAPITAL,NATAL,MARKETING,MARKETING,RN,NE
2013,350,NORDESTE,RIO GRANDE DO NORTE,CAPITAL,NATAL,MARKETING,MARKETING,RN,NE
2013,7,NORDESTE,RIO GRANDE DO NORTE,CAPITAL,NATAL,MARKETING,MARKETING,RN,NE
2013,15,NORDESTE,RIO GRANDE DO NORTE,CAPITAL,NATAL,MARKETING,MARKETING,RN,NE
2013,1,NORDESTE,RIO GRANDE DO NORTE,CAPITAL,NATAL,MARKETING,MARKETING,RN,NE
2013,17,NORDESTE,RIO GRANDE DO NORTE,CAPITAL,NATAL,MARKETING,MARKETING,RN,NE
2013,332,NORDESTE,RIO GRANDE DO NORTE,CAPITAL,NATAL,MARKETING,MARKETING,RN,NE
2013,57,NORDESTE,RIO GRANDE DO NORTE,CAPITAL,NATAL,MARKETING,MARKETING,RN,NE
2013,61,NORDESTE,RIO GRANDE DO NORTE,CAPITAL,NATAL,MATEMÁTICA,MATEMÁTICA,RN,NE
2013,144,NORDESTE,RIO GRANDE DO NORTE,CAPITAL,NATAL,MATEMÁTICA,MATEMÁTICA,RN,NE
2013,3,NORDESTE,RIO GRANDE DO NORTE,CAPITAL,NATAL,MATEMÁTICA,MATEMÁTICA,RN,NE
2013,4,NORDESTE,RIO GRANDE DO NORTE,CAPITAL,NATAL,MATEMÁTICA,MATEMÁTICA,RN,NE
2013,99,NORDESTE,RIO GRANDE DO NORTE,CAPITAL,NATAL,MATEMÁTICA,MATEMÁTICA,RN,NE
2013,4,NORDESTE,RIO GRANDE DO NORTE,CAPITAL,NATAL,MATEMÁTICA,MATEMÁTICA,RN,NE
2013,105,NORDESTE,RIO GRANDE DO NORTE,CAPITAL,NATAL,MATEMÁTICA,MATEMÁTICA,RN,NE
2013,60,NORDESTE,RIO GRANDE DO NORTE,CAPITAL,NATAL,MATEMÁTICA,MATEMÁTICA,RN,NE
2013,874,NORDESTE,RIO GRANDE DO NORTE,CAPITAL,NATAL,MEDICINA,MEDICINA,RN,NE
2013,642,NORDESTE,RIO GRANDE DO NORTE,CAPITAL,NATAL,MEDICINA,MEDICINA,RN,NE
2013,184,NORDESTE,RIO GRANDE DO NORTE,CAPITAL,NATAL,MÚSICA,MÚSICA,RN,NE
2013,11,NORDESTE,RIO GRANDE DO NORTE,CAPITAL,NATAL,MÚSICA - CANTO,MÚSICA - CANTO,RN,NE
2013,93,NORDESTE,RIO GRANDE DO NORTE,CAPITAL,NATAL,MÚSICA - INSTRUMENTO,MÚSICA - INSTRUMENTO,RN,NE
2013,9,NORDESTE,RIO GRANDE DO NORTE,CAPITAL,NATAL,NEGÓCIOS IMOBILIÁRIOS,NEGÓCIOS IMOBILIÁRIOS,RN,NE
2013,11,NORDESTE,RIO GRANDE DO NORTE,CAPITAL,NATAL,NEGÓCIOS IMOBILIÁRIOS,NEGÓCIOS IMOBILIÁRIOS,RN,NE
2013,363,NORDESTE,RIO GRANDE DO NORTE,CAPITAL,NATAL,NUTRIÇÃO,NUTRIÇÃO,RN,NE
2013,62,NORDESTE,RIO GRANDE DO NORTE,CAPITAL,NATAL,NUTRIÇÃO,NUTRIÇÃO,RN,NE
2013,952,NORDESTE,RIO GRANDE DO NORTE,CAPITAL,NATAL,NUTRIÇÃO,NUTRIÇÃO,RN,NE
2013,270,NORDESTE,RIO GRANDE DO NORTE,CAPITAL,NATAL,NUTRIÇÃO,NUTRIÇÃO,RN,NE
2013,176,NORDESTE,RIO GRANDE DO NORTE,CAPITAL,NATAL,NUTRIÇÃO,NUTRIÇÃO,RN,NE
2013,887,NORDESTE,RIO GRANDE DO NORTE,CAPITAL,NATAL,ODONTOLOGIA,ODONTOLOGIA,RN,NE
2013,400,NORDESTE,RIO GRANDE DO NORTE,CAPITAL,NATAL,ODONTOLOGIA,ODONTOLOGIA,RN,NE
2013,796,NORDESTE,RIO GRANDE DO NORTE,CAPITAL,NATAL,PEDAGOGIA,PEDAGOGIA,RN,NE
2013,32,NORDESTE,RIO GRANDE DO NORTE,CAPITAL,NATAL,PEDAGOGIA,PEDAGOGIA,RN,NE
2013,329,NORDESTE,RIO GRANDE DO NORTE,CAPITAL,NATAL,PEDAGOGIA,PEDAGOGIA,RN,NE
2013,5,NORDESTE,RIO GRANDE DO NORTE,CAPITAL,NATAL,PEDAGOGIA,PEDAGOGIA,RN,NE
2013,16,NORDESTE,RIO GRANDE DO NORTE,CAPITAL,NATAL,PEDAGOGIA,PEDAGOGIA,RN,NE
2013,14,NORDESTE,RIO GRANDE DO NORTE,CAPITAL,NATAL,PEDAGOGIA,PEDAGOGIA,RN,NE
2013,7,NORDESTE,RIO GRANDE DO NORTE,CAPITAL,NATAL,PEDAGOGIA,PEDAGOGIA,RN,NE
2013,34,NORDESTE,RIO GRANDE DO NORTE,CAPITAL,NATAL,PEDAGOGIA,PEDAGOGIA,RN,NE
2013,130,NORDESTE,RIO GRANDE DO NORTE,CAPITAL,NATAL,PEDAGOGIA,PEDAGOGIA,RN,NE
2013,3,NORDESTE,RIO GRANDE DO NORTE,CAPITAL,NATAL,PEDAGOGIA,PEDAGOGIA,RN,NE
2013,444,NORDESTE,RIO GRANDE DO NORTE,CAPITAL,NATAL,PEDAGOGIA,PEDAGOGIA,RN,NE
2013,601,NORDESTE,RIO GRANDE DO NORTE,CAPITAL,NATAL,PEDAGOGIA,PEDAGOGIA,RN,NE
2013,670,NORDESTE,RIO GRANDE DO NORTE,CAPITAL,NATAL,PEDAGOGIA,PEDAGOGIA,RN,NE
2013,218,NORDESTE,RIO GRANDE DO NORTE,CAPITAL,NATAL,PEDAGOGIA,PEDAGOGIA,RN,NE
2013,108,NORDESTE,RIO GRANDE DO NORTE,CAPITAL,NATAL,PEDAGOGIA,PEDAGOGIA,RN,NE
2013,134,NORDESTE,RIO GRANDE DO NORTE,CAPITAL,NATAL,PETRÓLEO E GÁS,PETRÓLEO E GÁS,RN,NE
2013,181,NORDESTE,RIO GRANDE DO NORTE,CAPITAL,NATAL,PETRÓLEO E GÁS,PETRÓLEO E GÁS,RN,NE
2013,136,NORDESTE,RIO GRANDE DO NORTE,CAPITAL,NATAL,PETRÓLEO E GÁS,PETRÓLEO E GÁS,RN,NE
2013,14,NORDESTE,RIO GRANDE DO NORTE,CAPITAL,NATAL,PROCESSOS GERENCIAIS,PROCESSOS GERENCIAIS,RN,NE
2013,3,NORDESTE,RIO GRANDE DO NORTE,CAPITAL,NATAL,PROCESSOS GERENCIAIS,PROCESSOS GERENCIAIS,RN,NE
2013,16,NORDESTE,RIO GRANDE DO NORTE,CAPITAL,NATAL,PROCESSOS GERENCIAIS,PROCESSOS GERENCIAIS,RN,NE
2013,9,NORDESTE,RIO GRANDE DO NORTE,CAPITAL,NATAL,PROCESSOS GERENCIAIS,PROCESSOS GERENCIAIS,RN,NE
2013,101,NORDESTE,RIO GRANDE DO NORTE,CAPITAL,NATAL,PRODUÇÃO CULTURAL,PRODUÇÃO CULTURAL,RN,NE
2013,1,NORDESTE,RIO GRANDE DO NORTE,CAPITAL,NATAL,PRODUÇÃO MULTIMÍDIA,PRODUÇÃO MULTIMÍDIA,RN,NE
2013,205,NORDESTE,RIO GRANDE DO NORTE,CAPITAL,NATAL,PSICOLOGIA,PSICOLOGIA,RN,NE
2013,1312,NORDESTE,RIO GRANDE DO NORTE,CAPITAL,NATAL,PSICOLOGIA,PSICOLOGIA,RN,NE
2013,228,NORDESTE,RIO GRANDE DO NORTE,CAPITAL,NATAL,PSICOLOGIA,PSICOLOGIA,RN,NE
2013,360,NORDESTE,RIO GRANDE DO NORTE,CAPITAL,NATAL,PSICOLOGIA,PSICOLOGIA,RN,NE
2013,491,NORDESTE,RIO GRANDE DO NORTE,CAPITAL,NATAL,PSICOLOGIA,PSICOLOGIA,RN,NE
2013,156,NORDESTE,RIO GRANDE DO NORTE,CAPITAL,NATAL,QUÍMICA,QUÍMICA,RN,NE
2013,106,NORDESTE,RIO GRANDE DO NORTE,CAPITAL,NATAL,QUÍMICA,QUÍMICA,RN,NE
2013,1,NORDESTE,RIO GRANDE DO NORTE,CAPITAL,NATAL,QUÍMICA,QUÍMICA,RN,NE
2013,195,NORDESTE,RIO GRANDE DO NORTE,CAPITAL,NATAL,QUÍMICA,QUÍMICA,RN,NE
2013,183,NORDESTE,RIO GRANDE DO NORTE,CAPITAL,NATAL,QUÍMICA DO PETRÓLEO,QUÍMICA DO PETRÓLEO,RN,NE
2013,86,NORDESTE,RIO GRANDE DO NORTE,CAPITAL,NATAL,REDES DE COMPUTADORES,REDES DE COMPUTADORES,RN,NE
2013,75,NORDESTE,RIO GRANDE DO NORTE,CAPITAL,NATAL,REDES DE COMPUTADORES,REDES DE COMPUTADORES,RN,NE
2013,164,NORDESTE,RIO GRANDE DO NORTE,CAPITAL,NATAL,REDES DE COMPUTADORES,REDES DE COMPUTADORES,RN,NE
2013,87,NORDESTE,RIO GRANDE DO NORTE,CAPITAL,NATAL,REDES DE COMPUTADORES,REDES DE COMPUTADORES,RN,NE
2013,70,NORDESTE,RIO GRANDE DO NORTE,CAPITAL,NATAL,REDES DE COMPUTADORES,REDES DE COMPUTADORES,RN,NE
2013,162,NORDESTE,RIO GRANDE DO NORTE,CAPITAL,NATAL,REDES DE COMPUTADORES,REDES DE COMPUTADORES,RN,NE
2013,296,NORDESTE,RIO GRANDE DO NORTE,CAPITAL,NATAL,RELAÇÕES INTERNACIONAIS,RELAÇÕES INTERNACIONAIS,RN,NE
2013,55,NORDESTE,RIO GRANDE DO NORTE,CAPITAL,NATAL,SECRETARIADO,SECRETARIADO,RN,NE
2013,4,NORDESTE,RIO GRANDE DO NORTE,CAPITAL,NATAL,SECRETARIADO,SECRETARIADO,RN,NE
2013,373,NORDESTE,RIO GRANDE DO NORTE,CAPITAL,NATAL,SEGURANÇA NO TRABALHO,SEGURANÇA NO TRABALHO,RN,NE
2013,172,NORDESTE,RIO GRANDE DO NORTE,CAPITAL,NATAL,SEGURANÇA NO TRABALHO,SEGURANÇA NO TRABALHO,RN,NE
2013,4,NORDESTE,RIO GRANDE DO NORTE,CAPITAL,NATAL,SEGURANÇA NO TRABALHO,SEGURANÇA NO TRABALHO,RN,NE
2013,2,NORDESTE,RIO GRANDE DO NORTE,CAPITAL,NATAL,SEGURANÇA NO TRÂNSITO,SEGURANÇA NO TRÂNSITO,RN,NE
2013,9,NORDESTE,RIO GRANDE DO NORTE,CAPITAL,NATAL,SEGURANÇA PÚBLICA,SEGURANÇA PÚBLICA,RN,NE
2013,5,NORDESTE,RIO GRANDE DO NORTE,CAPITAL,NATAL,SEGURANÇA PÚBLICA,SEGURANÇA PÚBLICA,RN,NE
2013,737,NORDESTE,RIO GRANDE DO NORTE,CAPITAL,NATAL,SERVIÇO SOCIAL,SERVIÇO SOCIAL,RN,NE
2013,410,NORDESTE,RIO GRANDE DO NORTE,CAPITAL,NATAL,SERVIÇO SOCIAL,SERVIÇO SOCIAL,RN,NE
2013,235,NORDESTE,RIO GRANDE DO NORTE,CAPITAL,NATAL,SERVIÇO SOCIAL,SERVIÇO SOCIAL,RN,NE
2013,18,NORDESTE,RIO GRANDE DO NORTE,CAPITAL,NATAL,SERVIÇO SOCIAL,SERVIÇO SOCIAL,RN,NE
2013,17,NORDESTE,RIO GRANDE DO NORTE,CAPITAL,NATAL,SERVIÇO SOCIAL,SERVIÇO SOCIAL,RN,NE
2013,178,NORDESTE,RIO GRANDE DO NORTE,CAPITAL,NATAL,SERVIÇO SOCIAL,SERVIÇO SOCIAL,RN,NE
2013,51,NORDESTE,RIO GRANDE DO NORTE,CAPITAL,NATAL,SERVIÇO SOCIAL,SERVIÇO SOCIAL,RN,NE
2013,40,NORDESTE,RIO GRANDE DO NORTE,CAPITAL,NATAL,SERVIÇO SOCIAL,SERVIÇO SOCIAL,RN,NE
2013,4,NORDESTE,RIO GRANDE DO NORTE,CAPITAL,NATAL,SERVIÇO SOCIAL,SERVIÇO SOCIAL,RN,NE
2013,557,NORDESTE,RIO GRANDE DO NORTE,CAPITAL,NATAL,SERVIÇO SOCIAL,SERVIÇO SOCIAL,RN,NE
2013,37,NORDESTE,RIO GRANDE DO NORTE,CAPITAL,NATAL,SERVIÇO SOCIAL,SERVIÇO SOCIAL,RN,NE
2013,288,NORDESTE,RIO GRANDE DO NORTE,CAPITAL,NATAL,SERVIÇO SOCIAL,SERVIÇO SOCIAL,RN,NE
2013,127,NORDESTE,RIO GRANDE DO NORTE,CAPITAL,NATAL,SISTEMA DE INFORMAÇÃO,SISTEMA DE INFORMAÇÃO,RN,NE
2013,317,NORDESTE,RIO GRANDE DO NORTE,CAPITAL,NATAL,SISTEMAS DE INFORMAÇÃO,SISTEMAS DE INFORMAÇÃO,RN,NE
2013,22,NORDESTE,RIO GRANDE DO NORTE,CAPITAL,NATAL,SISTEMAS DE INFORMAÇÃO,SISTEMAS DE INFORMAÇÃO,RN,NE
2013,134,NORDESTE,RIO GRANDE DO NORTE,CAPITAL,NATAL,TEATRO,TEATRO,RN,NE
2013,133,NORDESTE,RIO GRANDE DO NORTE,CAPITAL,NATAL,TECNOLOGIA DA INFORMAÇÃO,TECNOLOGIA DA INFORMAÇÃO,RN,NE
2013,106,NORDESTE,RIO GRANDE DO NORTE,CAPITAL,NATAL,TEOLOGIA,TEOLOGIA,RN,NE
2013,44,NORDESTE,RIO GRANDE DO NORTE,CAPITAL,NATAL,TERAPIA OCUPACIONAL,TERAPIA OCUPACIONAL,RN,NE
2013,59,NORDESTE,RIO GRANDE DO NORTE,CAPITAL,NATAL,TURISMO,TURISMO,RN,NE
2013,152,NORDESTE,RIO GRANDE DO NORTE,CAPITAL,NATAL,TURISMO,TURISMO,RN,NE
2013,1,NORDESTE,RIO GRANDE DO NORTE,CAPITAL,NATAL,TURISMO,TURISMO,RN,NE
2013,230,NORDESTE,RIO GRANDE DO NORTE,CAPITAL,NATAL,TURISMO,TURISMO,RN,NE
2013,6,NORDESTE,RIO GRANDE DO NORTE,CAPITAL,NATAL,TURISMO,TURISMO,RN,NE
2013,301,NORDESTE,RIO GRANDE DO NORTE,CAPITAL,NATAL,TURISMO,TURISMO,RN,NE
2013,34,NORDESTE,RIO GRANDE DO NORTE,CAPITAL,NATAL,ZOOTECNIA,ZOOTECNIA,RN,NE
